insert into
orcamento_financeiro_topicos 
(id, descricao) 
values 
(38,'Receita de Serviços'),
(39,'Deduções s/ vendas'),
(40,'Tributos s/ faturamento'),
(41,'Outras deduções'),
(42,'Receita Líquida'),
(43,'Custo dos Serviços '),
(44,'Custo Variáveis'),
(45,'Área Médica'),
(46,'Serviços Prestados'),
(47,'Material Aplicado'),
(48,'Outros Custos Variáveis'),
(49,'Margem de Contribuição'),
(50,'Custos Fixos'),
(51,'Área Médica (F)'),
(52,'Serviços Prestados (F)'),
(53,'Lucro Operacional Bruto'),
(54,'( - ) Despesas Operacionais'),
(55,'Vendas (Marketing)'),
(56,'Gerais e Administrativas'),
(57,'Pessoal Próprio'),
(58,'Despesas com Ocupação'),
(59,'Viagens e Estadas'),
(60,'Manutenção'),
(61,'Locomoção'),
(62,'Materiais'),
(63,'Despesas Gerais'),
(64,'Serviços de Consultoria'),
(65,'Serviços de Terceiros'),
(66,'Bancárias'),
(67,'Impostos'),
(68,'Multas de Mora'),
(69,'Depreciação e Amortização'),
(70,'EBITDA'),
(71,'Resultado Financeiro'),
(72,'Outras Receitas'),
(73,'Res. antes do IRPJ e CSLL'),
(74,'IRPJ e CSLL'),
(75,'Lucro Líquido '),
(76,'Lucro Líquido Acumulado'),
(77, 'Telesaude'),
(78, 'Retaguarda Home Care'),
(79, 'Serviço Logístico'),
(80, 'APH'),
(81, 'Clinica de Curativos'),
(82, 'PIS (0'),
(83, 'COFINS (3%)'),
(84, 'ISS (2%)'),
(85, 'Devol. e Cancelamentos'),
(86, 'Glosas'),
(87, 'Receitas Financeiras'),
(88, '(-) Despesas Financeiras'),
(89, 'Resultado na Venda do Imobilizado'),
(90, 'Recuperação de Créditos'),
(91, 'Receita com Aluguel'),
(92, 'Reversão de Provisão'),
(93, '(-) Custo da Baixa do Imobilizado'),
(94, 'IRPJ'),
(95, 'CSLL'),
(96, 'IRPJ Diferido'),
(97, 'CSLL Diferido');


-------------------------
------------- criando estrutura
------------------
insert into
orcamento_financeiro_estrutura 
(orcamento_finananceiro_topicos_id, id_pai, ordem, versao_estrutura ) 
values 
(38,0,1,2),
(2,38,1,2),
(77,38,2,2),
(78,38,3,2),
(79,38,4,2),
(80,38,5,2),
(81,38,6,2),
(39,0,2,2),
(40,39,1,2),
(82,40,1,2),
(83,40,2,2),
(84,40,3,2),
(41,39,2,2),
(85,41,1,2),
(86,41,2,2),
(42,0,3,2),
(43,0,4,2),
(44,43,1,2),
(45,44,1,2),
(46,44,2,2),
(47,44,3,2),
(48,44,4,2),
(49,0,5,2),
(50,0,6,2),
(51,50,1,2),
(52,50,2,2),
(53,0,7,2),
(54,0,8,2),
(55,54,1,2),
(56,54,2,2),
(57,56,1,2),
(58,56,2,2),
(59,56,3,2),
(60,56,4,2),
(61,56,5,2),
(62,56,6,2),
(63,56,7,2),
(64,56,8,2),
(65,56,9,2),
(66,56,10,2),
(67,56,11,2),
(68,56,12,2),
(69,54,3,2),
(70,0,9,2),
(71,0,10,2),
(87,71,1,2),
(88,71,2,2),
(72,0,11,2),
(89,72,1,2),
(90,72,2,2),
(91,72,3,2),
(92,72,4,2),
(93,72,5,2),
(73,0,12,2),
(74,0,13,2),
(94,74,1,2),
(95,74,2,2),
(96,74,3,2),
(97,74,4,2),
(75,0,14,2),
(76,0,15,2);

--  Auto-generated SQL script #202101250952
INSERT INTO sismederi.orcamento_financeiro_versao (inicio,fim,orcamento_financeiro_versao_estrutura,criado_por,criado_em)
	VALUES ('2021-01','2021-12',2,3,'2020-01-25');
-------
--- atribuindo valor a topicos Receita com serviço
----------
insert into
orcamento_financeiro_topicos_valores
(    valor_mensal,
    orcamento_financeiro_topicos,
    data,
    orcamento_financeiro_versao_id
)
values
(6125056.19,38,'2021-01',11),
(5829267.94,38,'2021-02',11),
(6240246.6,38,'2021-03',11),
(6312083.06,38,'2021-04',11),
(6393120.33,38,'2021-05',11),
(6444617.95,38,'2021-06',11),
(6931359.11,38,'2021-07',11),
(7004480.85,38,'2021-08',11),
(7078140.23,38,'2021-09',11),
(7173139.88,38,'2021-10',11),
(7227915.87,38,'2021-11',11),
(7303273.4,38,'2021-12',11);


-------
--- atribuindo valor ao sub de  topicos Receita com serviço
----------
insert into
orcamento_financeiro_topicos_valores
(    valor_mensal,
    orcamento_financeiro_topicos,
    data,
    orcamento_financeiro_versao_id
)
values
(6112956.19,2,'2021-01',11),
(5817167.99,2,'2021-02',11),
(6211154.72,2,'2021-03',11),
(6260843.96,2,'2021-04',11),
(6310930.71,2,'2021-05',11),
(6361418.15,2,'2021-06',11),
(6412309.5,2,'2021-07',11),
(6463607.97,2,'2021-08',11),
(6515316.84,2,'2021-09',11),
(6567439.37,2,'2021-10',11),
(6619978.89,2,'2021-11',11),
(6672938.72,2,'2021-12',11),
(0,77,'2021-01',11),
(0,77,'2021-02',11),
(4990,77,'2021-03',11),
(5489,77,'2021-04',11),
(6037.9,77,'2021-05',11),
(6641.69,77,'2021-06',11),
(7305.86,77,'2021-07',11),
(8036.44,77,'2021-08',11),
(8840.09,77,'2021-09',11),
(9724.1,77,'2021-10',11),
(10696.51,77,'2021-11',11),
(11766.16,77,'2021-12',11),
(0,78,'2021-01',11),
(0,78,'2021-02',11),
(0,78,'2021-03',11),
(0,78,'2021-04',11),
(0,78,'2021-05',11),
(0,78,'2021-06',11),
(40000,78,'2021-07',11),
(60000,78,'2021-08',11),
(80000,78,'2021-09',11),
(100000,78,'2021-10',11),
(100000,78,'2021-11',11),
(120000,78,'2021-12',11),
(6600,79,'2021-01',11),
(6600,79,'2021-02',11),
(18600,79,'2021-03',11),
(18600,79,'2021-04',11),
(48600,79,'2021-05',11),
(48600,79,'2021-06',11),
(60600,79,'2021-07',11),
(60600,79,'2021-08',11),
(60600,79,'2021-09',11),
(78600,79,'2021-10',11),
(78600,79,'2021-11',11),
(78600,79,'2021-12',11),
(0,80,'2021-01',11),
(0,80,'2021-02',11),
(0,80,'2021-03',11),
(0,80,'2021-04',11),
(0,80,'2021-05',11),
(0,80,'2021-06',11),
(0,80,'2021-07',11),
(0,80,'2021-08',11),
(0,80,'2021-09',11),
(0,80,'2021-10',11),
(0,80,'2021-11',11),
(0,80,'2021-12',11),
(0,81,'2021-01',11),
(0,81,'2021-02',11),
(0,81,'2021-03',11),
(20000,81,'2021-04',11),
(20400,81,'2021-05',11),
(20808,81,'2021-06',11),
(21848.4,81,'2021-07',11),
(22940.82,81,'2021-08',11),
(24087.86,81,'2021-09',11),
(25292.25,81,'2021-10',11),
(26556.87,81,'2021-11',11),
(27884.71,81,'2021-12',11);


-------
--- atribuindo valor a deducao sobre vendas e seus sub topicos
----------
insert into
orcamento_financeiro_topicos_valores
(    valor_mensal,
    orcamento_financeiro_topicos,
    data,
    orcamento_financeiro_versao_id
)
values
(-368605.13,39,'2021-01',11),
(-350804.63,39,'2021-02',11),
(-375537.28,39,'2021-03',11),
(-379860.38,39,'2021-04',11),
(-384737.2,39,'2021-05',11),
(-387836.32,39,'2021-06',11),
(-417128.34,39,'2021-07',11),
(-421528.8,39,'2021-08',11),
(-425961.61,39,'2021-09',11),
(-431678.68,39,'2021-10',11),
(-434975.09,39,'2021-11',11),
(-439510.1,39,'2021-12',11),
(-346065.67,40,'2021-01',11),
(-329353.64,40,'2021-02',11),
(-352573.93,40,'2021-03',11),
(-356632.69,40,'2021-04',11),
(-361211.3,40,'2021-05',11),
(-364120.91,40,'2021-06',11),
(-391621.79,40,'2021-07',11),
(-395753.17,40,'2021-08',11),
(-399914.92,40,'2021-09',11),
(-405282.4,40,'2021-10',11),
(-408377.25,40,'2021-11',11),
(-412634.95,40,'2021-12',11),
(-39812.87,82,'2021-01',11),
(-37890.24,82,'2021-02',11),
(-40561.6,82,'2021-03',11),
(-41028.54,82,'2021-04',11),
(-41555.28,82,'2021-05',11),
(-41890.02,82,'2021-06',11),
(-45053.83,82,'2021-07',11),
(-45529.13,82,'2021-08',11),
(-46007.91,82,'2021-09',11),
(-46625.41,82,'2021-10',11),
(-46981.45,82,'2021-11',11),
(-47471.28,82,'2021-12',11),
(-183751.69,83,'2021-01',11),
(-174878.04,83,'2021-02',11),
(-187207.4,83,'2021-03',11),
(-189362.49,83,'2021-04',11),
(-191793.61,83,'2021-05',11),
(-193338.54,83,'2021-06',11),
(-207940.77,83,'2021-07',11),
(-210134.43,83,'2021-08',11),
(-212344.21,83,'2021-09',11),
(-215194.2,83,'2021-10',11),
(-216837.48,83,'2021-11',11),
(-219098.2,83,'2021-12',11),
(-122501.12,84,'2021-01',11),
(-116585.36,84,'2021-02',11),
(-124804.93,84,'2021-03',11),
(-126241.66,84,'2021-04',11),
(-127862.41,84,'2021-05',11),
(-128892.36,84,'2021-06',11),
(-138627.18,84,'2021-07',11),
(-140089.62,84,'2021-08',11),
(-141562.8,84,'2021-09',11),
(-143462.8,84,'2021-10',11),
(-144558.32,84,'2021-11',11),
(-146065.47,84,'2021-12',11),
(-22539.46,41,'2021-01',11),
(-21450.99,41,'2021-02',11),
(-22963.34,41,'2021-03',11),
(-23227.69,41,'2021-04',11),
(-23525.9,41,'2021-05',11),
(-23715.4,41,'2021-06',11),
(-25506.55,41,'2021-07',11),
(-25775.63,41,'2021-08',11),
(-26046.69,41,'2021-09',11),
(-26396.27,41,'2021-10',11),
(-26597.84,41,'2021-11',11),
(-26875.15,41,'2021-12',11),
(0,85,'2021-01',11),
(0,85,'2021-02',11),
(0,85,'2021-03',11),
(0,85,'2021-04',11),
(0,85,'2021-05',11),
(0,85,'2021-06',11),
(0,85,'2021-07',11),
(0,85,'2021-08',11),
(0,85,'2021-09',11),
(0,85,'2021-10',11),
(0,85,'2021-11',11),
(0,85,'2021-12',11),
(-22539.46,86,'2021-01',11),
(-21450.99,86,'2021-02',11),
(-22963.34,86,'2021-03',11),
(-23227.69,86,'2021-04',11),
(-23525.9,86,'2021-05',11),
(-23715.4,86,'2021-06',11),
(-25506.55,86,'2021-07',11),
(-25775.63,86,'2021-08',11),
(-26046.69,86,'2021-09',11),
(-26396.27,86,'2021-10',11),
(-26597.84,86,'2021-11',11),
(-26875.15,86,'2021-12',11);


-------
--- atribuindo valor Receita Liquida e custos do serviços  e tópicos custos variáveis
----------
insert into
orcamento_financeiro_topicos_valores
(    valor_mensal,
    orcamento_financeiro_topicos,
    data,
    orcamento_financeiro_versao_id
)
values

(5756451.06,42,'2021-01',11),
(5478463.31,42,'2021-02',11),
(5864709.33,42,'2021-03',11),
(5932222.68,42,'2021-04',11),
(6008383.13,42,'2021-05',11),
(6056781.63,42,'2021-06',11),
(6514230.77,42,'2021-07',11),
(6582952.05,42,'2021-08',11),
(6652178.62,42,'2021-09',11),
(6741461.2,42,'2021-10',11),
(6792940.78,42,'2021-11',11),
(6863763.3,42,'2021-12',11),
(-3597781.91,43,'2021-01',11),
(-3369254.94,43,'2021-02',11),
(-3548149.14,43,'2021-03',11),
(-3411028.04,43,'2021-04',11),
(-3454820.3,43,'2021-05',11),
(-3482649.44,43,'2021-06',11),
(-3745682.69,43,'2021-07',11),
(-3785197.43,43,'2021-08',11),
(-3825002.71,43,'2021-09',11),
(-3876340.19,43,'2021-10',11),
(-3905940.95,43,'2021-11',11),
(-3946663.9,43,'2021-12',11),
(-3338741.61,44,'2021-01',11),
(-3122724.09,44,'2021-02',11),
(-3284237.22,44,'2021-03',11),
(-3144078.02,44,'2021-04',11),
(-3184443.06,44,'2021-05',11),
(-3210094.27,44,'2021-06',11),
(-3452542.31,44,'2021-07',11),
(-3488964.59,44,'2021-08',11),
(-3525654.67,44,'2021-09',11),
(-3572974.44,44,'2021-10',11),
(-3600258.61,44,'2021-11',11),
(-3637794.55,44,'2021-12',11),
(-2129886.89,45,'2021-01',11),
(-1972246.79,45,'2021-02',11),
(-2052648.27,45,'2021-03',11),
(-2046616.82,45,'2021-04',11),
(-2072892.18,45,'2021-05',11),
(-2089589.66,45,'2021-06',11),
(-2247409.62,45,'2021-07',11),
(-2271118.46,45,'2021-08',11),
(-2295001.62,45,'2021-09',11),
(-2325804.11,45,'2021-10',11),
(-2343564.57,45,'2021-11',11),
(-2367998.34,45,'2021-12',11),
(-172693.53,46,'2021-01',11),
(-164353.9,46,'2021-02',11),
(-175941.28,46,'2021-03',11),
(-148305.57,46,'2021-04',11),
(-150209.58,46,'2021-05',11),
(-151419.54,46,'2021-06',11),
(-162855.77,46,'2021-07',11),
(-164573.8,46,'2021-08',11),
(-166304.47,46,'2021-09',11),
(-168536.53,46,'2021-10',11),
(-169823.52,46,'2021-11',11),
(-171594.08,46,'2021-12',11),
(-978596.68,47,'2021-01',11),
(-931338.76,47,'2021-02',11),
(-997000.59,47,'2021-03',11),
(-919494.52,47,'2021-04',11),
(-931299.39,47,'2021-05',11),
(-938801.15,47,'2021-06',11),
(-1009705.77,47,'2021-07',11),
(-1020357.57,47,'2021-08',11),
(-1031087.69,47,'2021-09',11),
(-1044926.49,47,'2021-10',11),
(-1052905.82,47,'2021-11',11),
(-1063883.31,47,'2021-12',11),
(-57564.51,48,'2021-01',11),
(-54784.63,48,'2021-02',11),
(-58647.09,48,'2021-03',11),
(-29661.11,48,'2021-04',11),
(-30041.92,48,'2021-05',11),
(-30283.91,48,'2021-06',11),
(-32571.15,48,'2021-07',11),
(-32914.76,48,'2021-08',11),
(-33260.89,48,'2021-09',11),
(-33707.31,48,'2021-10',11),
(-33964.7,48,'2021-11',11),
(-34318.82,48,'2021-12',11);



-------
--- atribuindo valor Margem contribuição até Depreciação e Amortização
----------
insert into
orcamento_financeiro_topicos_valores
(    valor_mensal,
    orcamento_financeiro_topicos,
    data,
    orcamento_financeiro_versao_id
)
values
(2417709.45,49,'2021-01',11),
(2355739.22,49,'2021-02',11),
(2580472.1,49,'2021-03',11),
(2788144.66,49,'2021-04',11),
(2823940.07,49,'2021-05',11),
(2846687.37,49,'2021-06',11),
(3061688.46,49,'2021-07',11),
(3093987.46,49,'2021-08',11),
(3126523.95,49,'2021-09',11),
(3168486.77,49,'2021-10',11),
(3192682.17,49,'2021-11',11),
(3225968.75,49,'2021-12',11),
(-259040.3,50,'2021-01',11),
(-246530.85,50,'2021-02',11),
(-263911.92,50,'2021-03',11),
(-266950.02,50,'2021-04',11),
(-270377.24,50,'2021-05',11),
(-272555.17,50,'2021-06',11),
(-293140.38,50,'2021-07',11),
(-296232.84,50,'2021-08',11),
(-299348.04,50,'2021-09',11),
(-303365.75,50,'2021-10',11),
(-305682.34,50,'2021-11',11),
(-308869.35,50,'2021-12',11),
(-245052.23,51,'2021-01',11),
(-233218.29,51,'2021-02',11),
(-249660.79,51,'2021-03',11),
(-252534.83,51,'2021-04',11),
(-255776.99,51,'2021-05',11),
(-257837.31,51,'2021-06',11),
(-277310.93,51,'2021-07',11),
(-280236.4,51,'2021-08',11),
(-283183.37,51,'2021-09',11),
(-286984.13,51,'2021-10',11),
(-289175.62,51,'2021-11',11),
(-292190.54,51,'2021-12',11),
(-13988.06,52,'2021-01',11),
(-13312.56,52,'2021-02',11),
(-14251.13,52,'2021-03',11),
(-14415.19,52,'2021-04',11),
(-14600.26,52,'2021-05',11),
(-14717.86,52,'2021-06',11),
(-15829.46,52,'2021-07',11),
(-15996.45,52,'2021-08',11),
(-16164.67,52,'2021-09',11),
(-16381.62,52,'2021-10',11),
(-16506.71,52,'2021-11',11),
(-16678.81,52,'2021-12',11),
(2158669.15,53,'2021-01',11),
(2109208.37,53,'2021-02',11),
(2316560.19,53,'2021-03',11),
(2521194.64,53,'2021-04',11),
(2553562.83,53,'2021-05',11),
(2574132.19,53,'2021-06',11),
(2768548.08,53,'2021-07',11),
(2797754.62,53,'2021-08',11),
(2827175.91,53,'2021-09',11),
(2865121.01,53,'2021-10',11),
(2886999.83,53,'2021-11',11),
(2917099.4,53,'2021-12',11),
(-2002093.68,54,'2021-01',11),
(-2002093.68,54,'2021-02',11),
(-2002093.68,54,'2021-03',11),
(-1973048.46,54,'2021-04',11),
(-1973048.46,54,'2021-05',11),
(-1973048.46,54,'2021-06',11),
(-2162783.1,54,'2021-07',11),
(-2162783.1,54,'2021-08',11),
(-2162783.1,54,'2021-09',11),
(-2236860.22,54,'2021-10',11),
(-2236860.22,54,'2021-11',11),
(-2236860.22,54,'2021-12',11),
(-19571.93,55,'2021-01',11),
(-19571.93,55,'2021-02',11),
(-19571.93,55,'2021-03',11),
(-19571.93,55,'2021-04',11),
(-19571.93,55,'2021-05',11),
(-19571.93,55,'2021-06',11),
(-19571.93,55,'2021-07',11),
(-19571.93,55,'2021-08',11),
(-19571.93,55,'2021-09',11),
(-19571.93,55,'2021-10',11),
(-19571.93,55,'2021-11',11),
(-19571.93,55,'2021-12',11),
(-1898477.56,56,'2021-01',11),
(-1898477.56,56,'2021-02',11),
(-1898477.56,56,'2021-03',11),
(-1867463.7,56,'2021-04',11),
(-1799562.48,56,'2021-05',11),
(-1799562.48,56,'2021-06',11),
(-2050679.85,56,'2021-07',11),
(-2050679.85,56,'2021-08',11),
(-2050679.85,56,'2021-09',11),
(-2122211.99,56,'2021-10',11),
(-2122211.99,56,'2021-11',11),
(-2122211.99,56,'2021-12',11),
(-1554241.79,57,'2021-01',11),
(-1554241.79,57,'2021-02',11),
(-1554241.79,57,'2021-03',11),
(-1512716.78,57,'2021-04',11),
(-1512716.78,57,'2021-05',11),
(-1512716.78,57,'2021-06',11),
(-1661128.85,57,'2021-07',11),
(-1661128.85,57,'2021-08',11),
(-1661128.85,57,'2021-09',11),
(-1719072.61,57,'2021-10',11),
(-1719072.61,57,'2021-11',11),
(-1719072.61,57,'2021-12',11),
(-77712.09,58,'2021-01',11),
(-77712.09,58,'2021-02',11),
(-77712.09,58,'2021-03',11),
(-80085.01,58,'2021-04',11),
(-26636.15,58,'2021-05',11),
(-26636.15,58,'2021-06',11),
(-87942.12,58,'2021-07',11),
(-87942.12,58,'2021-08',11),
(-87942.12,58,'2021-09',11),
(-91009.73,58,'2021-10',11),
(-91009.73,58,'2021-11',11),
(-91009.73,58,'2021-12',11),
(-4029.52,59,'2021-01',11),
(-4029.52,59,'2021-02',11),
(-4029.52,59,'2021-03',11),
(-4152.56,59,'2021-04',11),
(-1381.13,59,'2021-05',11),
(-1381.13,59,'2021-06',11),
(-4559.96,59,'2021-07',11),
(-4559.96,59,'2021-08',11),
(-4559.96,59,'2021-09',11),
(-4719.02,59,'2021-10',11),
(-4719.02,59,'2021-11',11),
(-4719.02,59,'2021-12',11),
(-46051.61,60,'2021-01',11),
(-46051.61,60,'2021-02',11),
(-46051.61,60,'2021-03',11),
(-47457.78,60,'2021-04',11),
(-15784.39,60,'2021-05',11),
(-15784.39,60,'2021-06',11),
(-52113.85,60,'2021-07',11),
(-52113.85,60,'2021-08',11),
(-52113.85,60,'2021-09',11),
(-53931.69,60,'2021-10',11),
(-53931.69,60,'2021-11',11),
(-53931.69,60,'2021-12',11),
(-1726.94,61,'2021-01',11),
(-1726.94,61,'2021-02',11),
(-1726.94,61,'2021-03',11),
(-1779.67,61,'2021-04',11),
(-5337.59,61,'2021-05',11),
(-5337.59,61,'2021-06',11),
(-1954.27,61,'2021-07',11),
(-1954.27,61,'2021-08',11),
(-1954.27,61,'2021-09',11),
(-2022.44,61,'2021-10',11),
(-2022.44,61,'2021-11',11),
(-2022.44,61,'2021-12',11),
(-6332.1,62,'2021-01',11),
(-6332.1,62,'2021-02',11),
(-6332.1,62,'2021-03',11),
(-6525.44,62,'2021-04',11),
(-10675.17,62,'2021-05',11),
(-10675.17,62,'2021-06',11),
(-7165.65,62,'2021-07',11),
(-7165.65,62,'2021-08',11),
(-7165.65,62,'2021-09',11),
(-7415.61,62,'2021-10',11),
(-7415.61,62,'2021-11',11),
(-7415.61,62,'2021-12',11),
(-67350.48,63,'2021-01',11),
(-67350.48,63,'2021-02',11),
(-67350.48,63,'2021-03',11),
(-69407.01,63,'2021-04',11),
(-81558.32,63,'2021-05',11),
(-81558.32,63,'2021-06',11),
(-76216.5,63,'2021-07',11),
(-76216.5,63,'2021-08',11),
(-76216.5,63,'2021-09',11),
(-78875.1,63,'2021-10',11),
(-78875.1,63,'2021-11',11),
(-78875.1,63,'2021-12',11),
(-116280.31,64,'2021-01',11),
(-116280.31,64,'2021-02',11),
(-116280.31,64,'2021-03',11),
(-119830.9,64,'2021-04',11),
(-98288.67,64,'2021-05',11),
(-98288.67,64,'2021-06',11),
(-131587.46,64,'2021-07',11),
(-131587.46,64,'2021-08',11),
(-131587.46,64,'2021-09',11),
(-136177.52,64,'2021-10',11),
(-136177.52,64,'2021-11',11),
(-136177.52,64,'2021-12',11),
(-1151.29,65,'2021-01',11),
(-1151.29,65,'2021-02',11),
(-1151.29,65,'2021-03',11),
(-1186.44,65,'2021-04',11),
(-8326.64,65,'2021-05',11),
(-8326.64,65,'2021-06',11),
(-1302.85,65,'2021-07',11),
(-1302.85,65,'2021-08',11),
(-1302.85,65,'2021-09',11),
(-1348.29,65,'2021-10',11),
(-1348.29,65,'2021-11',11),
(-1348.29,65,'2021-12',11),
(-2878.23,66,'2021-01',11),
(-2878.23,66,'2021-02',11),
(-2878.23,66,'2021-03',11),
(-2966.11,66,'2021-04',11),
(-6405.1,66,'2021-05',11),
(-6405.1,66,'2021-06',11),
(-3257.12,66,'2021-07',11),
(-3257.12,66,'2021-08',11),
(-3257.12,66,'2021-09',11),
(-3370.73,66,'2021-10',11),
(-3370.73,66,'2021-11',11),
(-3370.73,66,'2021-12',11),
(-20723.22,67,'2021-01',11),
(-20723.22,67,'2021-02',11),
(-20723.22,67,'2021-03',11),
(-21356,67,'2021-04',11),
(-32452.53,67,'2021-05',11),
(-32452.53,67,'2021-06',11),
(-23451.23,67,'2021-07',11),
(-23451.23,67,'2021-08',11),
(-23451.23,67,'2021-09',11),
(-24269.26,67,'2021-10',11),
(-24269.26,67,'2021-11',11),
(-24269.26,67,'2021-12',11),
(0,68,'2021-01',11),
(0,68,'2021-02',11),
(0,68,'2021-03',11),
(0,68,'2021-04',11),
(0,68,'2021-05',11),
(0,68,'2021-06',11),
(0,68,'2021-07',11),
(0,68,'2021-08',11),
(0,68,'2021-09',11),
(0,68,'2021-10',11),
(0,68,'2021-11',11),
(0,68,'2021-12',11),
(-64472.25,69,'2021-01',11),
(-64472.25,69,'2021-02',11),
(-64472.25,69,'2021-03',11),
(-66440.89,69,'2021-04',11),
(-66440.89,69,'2021-05',11),
(-66440.89,69,'2021-06',11),
(-72959.38,69,'2021-07',11),
(-72959.38,69,'2021-08',11),
(-72959.38,69,'2021-09',11),
(-75504.37,69,'2021-10',11),
(-75504.37,69,'2021-11',11),
(-75504.37,69,'2021-12',11);


-------
--- atribuindo valor EBTIDA até LUCRO ACUMULADO
----------
insert into
orcamento_financeiro_topicos_valores
(    valor_mensal,
    orcamento_financeiro_topicos,
    data,
    orcamento_financeiro_versao_id
)
values
(156575.47,70,'2021-01',11),
(107114.7,70,'2021-02',11),
(314466.51,70,'2021-03',11),
(548146.18,70,'2021-04',11),
(580514.37,70,'2021-05',11),
(601083.73,70,'2021-06',11),
(605764.98,70,'2021-07',11),
(634971.52,70,'2021-08',11),
(664392.81,70,'2021-09',11),
(628260.79,70,'2021-10',11),
(650139.61,70,'2021-11',11),
(680239.18,70,'2021-12',11),
(-118232.03,71,'2021-01',11),
(-117057.35,71,'2021-02',11),
(-115865.05,71,'2021-03',11),
(-114654.86,71,'2021-04',11),
(-113426.53,71,'2021-05',11),
(-111348.59,71,'2021-06',11),
(-99391.5,71,'2021-07',11),
(-97208.37,71,'2021-08',11),
(-94970.66,71,'2021-09',11),
(-92677.01,71,'2021-10',11),
(-90326.01,71,'2021-11',11),
(-87916.24,71,'2021-12',11),
(78311.97,87,'2021-01',11),
(79486.65,87,'2021-02',11),
(80678.95,87,'2021-03',11),
(81889.13,87,'2021-04',11),
(83117.47,87,'2021-05',11),
(85195.41,87,'2021-06',11),
(87325.29,87,'2021-07',11),
(89508.43,87,'2021-08',11),
(91746.14,87,'2021-09',11),
(94039.79,87,'2021-10',11),
(96390.78,87,'2021-11',11),
(98800.55,87,'2021-12',11),
(-196544,88,'2021-01',11),
(-196544,88,'2021-02',11),
(-196544,88,'2021-03',11),
(-196544,88,'2021-04',11),
(-196544,88,'2021-05',11),
(-196544,88,'2021-06',11),
(-186716.8,88,'2021-07',11),
(-186716.8,88,'2021-08',11),
(-186716.8,88,'2021-09',11),
(-186716.8,88,'2021-10',11),
(-186716.8,88,'2021-11',11),
(-186716.8,88,'2021-12',11),
(6458.62,72,'2021-01',11),
(8958.62,72,'2021-02',11),
(8958.62,72,'2021-03',11),
(10608.62,72,'2021-04',11),
(10608.62,72,'2021-05',11),
(10608.62,72,'2021-06',11),
(12753.62,72,'2021-07',11),
(12753.62,72,'2021-08',11),
(12753.62,72,'2021-09',11),
(15541.97,72,'2021-10',11),
(15541.97,72,'2021-11',11),
(15541.97,72,'2021-12',11),
(0,89,'2021-01',11),
(0,89,'2021-02',11),
(0,89,'2021-03',11),
(0,89,'2021-04',11),
(0,89,'2021-05',11),
(0,89,'2021-06',11),
(0,89,'2021-07',11),
(0,89,'2021-08',11),
(0,89,'2021-09',11),
(0,89,'2021-10',11),
(0,89,'2021-11',11),
(0,89,'2021-12',11),
(3458.62,90,'2021-01',11),
(3458.62,90,'2021-02',11),
(3458.62,90,'2021-03',11),
(3458.62,90,'2021-04',11),
(3458.62,90,'2021-05',11),
(3458.62,90,'2021-06',11),
(3458.62,90,'2021-07',11),
(3458.62,90,'2021-08',11),
(3458.62,90,'2021-09',11),
(3458.62,90,'2021-10',11),
(3458.62,90,'2021-11',11),
(3458.62,90,'2021-12',11),
(3000,91,'2021-01',11),
(5500,91,'2021-02',11),
(5500,91,'2021-03',11),
(7150,91,'2021-04',11),
(7150,91,'2021-05',11),
(7150,91,'2021-06',11),
(9295,91,'2021-07',11),
(9295,91,'2021-08',11),
(9295,91,'2021-09',11),
(12083.35,91,'2021-10',11),
(12083.35,91,'2021-11',11),
(12083.35,91,'2021-12',11),
(0,92,'2021-01',11),
(0,92,'2021-02',11),
(0,92,'2021-03',11),
(0,92,'2021-04',11),
(0,92,'2021-05',11),
(0,92,'2021-06',11),
(0,92,'2021-07',11),
(0,92,'2021-08',11),
(0,92,'2021-09',11),
(0,92,'2021-10',11),
(0,92,'2021-11',11),
(0,92,'2021-12',11),
(0,93,'2021-01',11),
(0,93,'2021-02',11),
(0,93,'2021-03',11),
(0,93,'2021-04',11),
(0,93,'2021-05',11),
(0,93,'2021-06',11),
(0,93,'2021-07',11),
(0,93,'2021-08',11),
(0,93,'2021-09',11),
(0,93,'2021-10',11),
(0,93,'2021-11',11),
(0,93,'2021-12',11),
(44802.06,73,'2021-01',11),
(-984.03,73,'2021-02',11),
(207560.08,73,'2021-03',11),
(444099.93,73,'2021-04',11),
(477696.46,73,'2021-05',11),
(500343.76,73,'2021-06',11),
(519127.09,73,'2021-07',11),
(550516.77,73,'2021-08',11),
(582175.77,73,'2021-09',11),
(551125.75,73,'2021-10',11),
(575355.57,73,'2021-11',11),
(607864.91,73,'2021-12',11),
(-50835.66,74,'2021-01',11),
(-12098.43,74,'2021-02',11),
(-82598.05,74,'2021-03',11),
(-183969.7,74,'2021-04',11),
(-172384.98,74,'2021-05',11),
(-179378.57,74,'2021-06',11),
(-203560.09,74,'2021-07',11),
(-188684.13,74,'2021-08',11),
(-198687.37,74,'2021-09',11),
(-211208.67,74,'2021-10',11),
(-192975.98,74,'2021-11',11),
(-203209.84,74,'2021-12',11),
(-36743.86,94,'2021-01',11),
(-8260.61,94,'2021-02',11),
(-60098.56,94,'2021-03',11),
(-134636.54,94,'2021-04',11),
(-126118.37,94,'2021-05',11),
(-131260.71,94,'2021-06',11),
(-149041.24,94,'2021-07',11),
(-138103.03,94,'2021-08',11),
(-145458.36,94,'2021-09',11),
(-154665.2,94,'2021-10',11),
(-141258.81,94,'2021-11',11),
(-148783.7,94,'2021-12',11),
(-14091.79,95,'2021-01',11),
(-3837.82,95,'2021-02',11),
(-22499.48,95,'2021-03',11),
(-49333.16,95,'2021-04',11),
(-46266.61,95,'2021-05',11),
(-48117.86,95,'2021-06',11),
(-54518.85,95,'2021-07',11),
(-50581.09,95,'2021-08',11),
(-53229.01,95,'2021-09',11),
(-56543.47,95,'2021-10',11),
(-51717.17,95,'2021-11',11),
(-54426.13,95,'2021-12',11),
(0,96,'2021-01',11),
(0,96,'2021-02',11),
(0,96,'2021-03',11),
(0,96,'2021-04',11),
(0,96,'2021-05',11),
(0,96,'2021-06',11),
(0,96,'2021-07',11),
(0,96,'2021-08',11),
(0,96,'2021-09',11),
(0,96,'2021-10',11),
(0,96,'2021-11',11),
(0,96,'2021-12',11),
(0,97,'2021-01',11),
(0,97,'2021-02',11),
(0,97,'2021-03',11),
(0,97,'2021-04',11),
(0,97,'2021-05',11),
(0,97,'2021-06',11),
(0,97,'2021-07',11),
(0,97,'2021-08',11),
(0,97,'2021-09',11),
(0,97,'2021-10',11),
(0,97,'2021-11',11),
(0,97,'2021-12',11),
(-6033.6,75,'2021-01',11),
(-13082.46,75,'2021-02',11),
(124962.03,75,'2021-03',11),
(260130.24,75,'2021-04',11),
(305311.48,75,'2021-05',11),
(320965.2,75,'2021-06',11),
(315567,75,'2021-07',11),
(361832.64,75,'2021-08',11),
(383488.4,75,'2021-09',11),
(339917.09,75,'2021-10',11),
(382379.58,75,'2021-11',11),
(404655.07,75,'2021-12',11),
(-6033.6,76,'2021-01',11),
(-19116.06,76,'2021-02',11),
(105845.97,76,'2021-03',11),
(365976.21,76,'2021-04',11),
(671287.69,76,'2021-05',11),
(992252.88,76,'2021-06',11),
(1307819.89,76,'2021-07',11),
(1669652.53,76,'2021-08',11),
(2053140.93,76,'2021-09',11),
(2393058.02,76,'2021-10',11),
(2775437.6,76,'2021-11',11),
(3180092.67,76,'2021-12',11);

ALTER TABLE orcamento_financeiro_plano_contas_valores MODIFY COLUMN aliquota decimal(10,2) DEFAULT 0 NOT NULL;

----------
--- 05/02/2021 começando a inserir topicos plano contas valores.
-----------
insert into
orcamento_financeiro_plano_contas_valores
(    
    valor_mensal,
    orcamento_financeiro_topicos_id,
    plano_contas_id,
    versao_id,
    data
)

values

(-93104.75,45,25,11,'2021-01'),
(-86205.1,45,25,11,'2021-02'),
(-89486.85,45,25,11,'2021-03'),
(-88914.14,45,25,11,'2021-04'),
(-89625.45,45,25,11,'2021-05'),
(-90342.46,45,25,11,'2021-06'),
(-91065.19,45,25,11,'2021-07'),
(-91793.72,45,25,11,'2021-08'),
(-92528.07,45,25,11,'2021-09'),
(-93268.29,45,25,11,'2021-10'),
(-94014.44,45,25,11,'2021-11'),
(-94766.55,45,25,11,'2021-12'),
(-6164.47,45,26,11,'2021-01'),
(-5707.64,45,26,11,'2021-02'),
(-5924.93,45,26,11,'2021-03'),
(-5887.01,45,26,11,'2021-04'),
(-5934.11,45,26,11,'2021-05'),
(-5981.58,45,26,11,'2021-06'),
(-6029.43,45,26,11,'2021-07'),
(-6077.67,45,26,11,'2021-08'),
(-6126.29,45,26,11,'2021-09'),
(-6175.3,45,26,11,'2021-10'),
(-6224.7,45,26,11,'2021-11'),
(-6274.5,45,26,11,'2021-12'),
(-8077.58,45,27,11,'2021-01'),
(-7478.98,45,27,11,'2021-02'),
(-7763.7,45,27,11,'2021-03'),
(-7714.01,45,27,11,'2021-04'),
(-7775.72,45,27,11,'2021-05'),
(-7837.93,45,27,11,'2021-06'),
(-7900.63,45,27,11,'2021-07'),
(-7963.84,45,27,11,'2021-08'),
(-8027.55,45,27,11,'2021-09'),
(-8091.77,45,27,11,'2021-10'),
(-8156.5,45,27,11,'2021-11'),
(-8221.76,45,27,11,'2021-12'),
(-381346.87,45,30,11,'2021-01'),
(-392252.88,45,30,11,'2021-02'),
(-407185.62,45,30,11,'2021-03'),
(-404579.63,45,30,11,'2021-04'),
(-407816.27,45,30,11,'2021-05'),
(-411078.8,45,30,11,'2021-06'),
(-414367.43,45,30,11,'2021-07'),
(-417682.37,45,30,11,'2021-08'),
(-421023.83,45,30,11,'2021-09'),
(-424392.02,45,30,11,'2021-10'),
(-427787.15,45,30,11,'2021-11'),
(-431209.45,45,30,11,'2021-12'),
(-103095.45,45,31,11,'2021-01'),
(-95455.42,45,31,11,'2021-02'),
(-99089.33,45,31,11,'2021-03'),
(-98455.15,45,31,11,'2021-04'),
(-99242.79,45,31,11,'2021-05'),
(-100036.74,45,31,11,'2021-06'),
(-100837.03,45,31,11,'2021-07'),
(-101643.73,45,31,11,'2021-08'),
(-102456.88,45,31,11,'2021-09'),
(-103276.53,45,31,11,'2021-10'),
(-104102.74,45,31,11,'2021-11'),
(-104935.57,45,31,11,'2021-12'),
(-7227.31,45,32,11,'2021-01'),
(-6691.72,45,32,11,'2021-02'),
(-6946.47,45,32,11,'2021-03'),
(-6902.01,45,32,11,'2021-04'),
(-6957.23,45,32,11,'2021-05'),
(-7012.88,45,32,11,'2021-06'),
(-7068.99,45,32,11,'2021-07'),
(-7125.54,45,32,11,'2021-08'),
(-7182.54,45,32,11,'2021-09'),
(-7240,45,32,11,'2021-10'),
(-7297.92,45,32,11,'2021-11'),
(-7356.31,45,32,11,'2021-12'),
(-4463.93,45,33,11,'2021-01'),
(-4133.12,45,33,11,'2021-02'),
(-4290.47,45,33,11,'2021-03'),
(-4263.01,45,33,11,'2021-04'),
(-4297.11,45,33,11,'2021-05'),
(-4331.49,45,33,11,'2021-06'),
(-4366.14,45,33,11,'2021-07'),
(-4401.07,45,33,11,'2021-08'),
(-4436.28,45,33,11,'2021-09'),
(-4471.77,45,33,11,'2021-10'),
(-4507.54,45,33,11,'2021-11'),
(-4543.6,45,33,11,'2021-12'),
(0,45,35,11,'2021-01'),
(0,45,35,11,'2021-02'),
(0,45,35,11,'2021-03'),
(0,45,35,11,'2021-04'),
(0,45,35,11,'2021-05'),
(0,45,35,11,'2021-06'),
(0,45,35,11,'2021-07'),
(0,45,35,11,'2021-08'),
(0,45,35,11,'2021-09'),
(0,45,35,11,'2021-10'),
(0,45,35,11,'2021-11'),
(0,45,35,11,'2021-12'),
(-80138.11,45,36,11,'2021-01'),
(-74199.37,45,36,11,'2021-02'),
(-77024.07,45,36,11,'2021-03'),
(-76531.12,45,36,11,'2021-04'),
(-77143.37,45,36,11,'2021-05'),
(-77760.52,45,36,11,'2021-06'),
(-78382.6,45,36,11,'2021-07'),
(-79009.66,45,36,11,'2021-08'),
(-79641.74,45,36,11,'2021-09'),
(-80278.87,45,36,11,'2021-10'),
(-80921.1,45,36,11,'2021-11'),
(-81568.47,45,36,11,'2021-12'),
(-1399759.83,45,37,11,'2021-01'),
(-1296028.72,45,37,11,'2021-02'),
(-1345367.43,45,37,11,'2021-03'),
(-1336757.08,45,37,11,'2021-04'),
(-1347451.14,45,37,11,'2021-05'),
(-1358230.75,45,37,11,'2021-06'),
(-1369096.59,45,37,11,'2021-07'),
(-1380049.37,45,37,11,'2021-08'),
(-1391089.76,45,37,11,'2021-09'),
(-1402218.48,45,37,11,'2021-10'),
(-1413436.23,45,37,11,'2021-11'),
(-1424743.72,45,37,11,'2021-12');


----------
--- 05/02/2021 começando a inserir topicos plano contas valores.
-----------
insert into
orcamento_financeiro_plano_contas_valores
(    
    valor_mensal,
    orcamento_financeiro_topicos_id,
    plano_contas_id,
    versao_id,
    data
)

values
(-3378.11,46,48,11,'2021-01'),
(-3214.65,46,48,11,'2021-02'),
(-3432.37,46,48,11,'2021-03'),
(-2883.19,46,48,11,'2021-04'),
(-2906.26,46,48,11,'2021-05'),
(-2929.51,46,48,11,'2021-06'),
(-2952.94,46,48,11,'2021-07'),
(-2976.57,46,48,11,'2021-08'),
(-3000.38,46,48,11,'2021-09'),
(-3024.38,46,48,11,'2021-10'),
(-3048.58,46,48,11,'2021-11'),
(-3072.97,46,48,11,'2021-12'),
(-1809.7,46,49,11,'2021-01'),
(-1722.13,46,49,11,'2021-02'),
(-1838.77,46,49,11,'2021-03'),
(-1544.57,46,49,11,'2021-04'),
(-1556.92,46,49,11,'2021-05'),
(-1569.38,46,49,11,'2021-06'),
(-1581.93,46,49,11,'2021-07'),
(-1594.59,46,49,11,'2021-08'),
(-1607.35,46,49,11,'2021-09'),
(-1620.21,46,49,11,'2021-10'),
(-1633.17,46,49,11,'2021-11'),
(-1646.23,46,49,11,'2021-12'),
(-5015.45,46,50,11,'2021-01'),
(-4772.77,46,50,11,'2021-02'),
(-5096.02,46,50,11,'2021-03'),
(-4280.66,46,50,11,'2021-04'),
(-4314.9,46,50,11,'2021-05'),
(-4349.42,46,50,11,'2021-06'),
(-4384.22,46,50,11,'2021-07'),
(-4419.29,46,50,11,'2021-08'),
(-4454.65,46,50,11,'2021-09'),
(-4490.28,46,50,11,'2021-10'),
(-4526.21,46,50,11,'2021-11'),
(-4562.42,46,50,11,'2021-12'),
(-5222.28,46,51,11,'2021-01'),
(-4969.59,46,51,11,'2021-02'),
(-5306.17,46,51,11,'2021-03'),
(-4457.18,46,51,11,'2021-04'),
(-4492.84,46,51,11,'2021-05'),
(-4528.78,46,51,11,'2021-06'),
(-4565.01,46,51,11,'2021-07'),
(-4601.53,46,51,11,'2021-08'),
(-4638.34,46,51,11,'2021-09'),
(-4675.45,46,51,11,'2021-10'),
(-4712.85,46,51,11,'2021-11'),
(-4750.56,46,51,11,'2021-12'),
(-61236.8,46,52,11,'2021-01'),
(-58273.73,46,52,11,'2021-02'),
(-62220.51,46,52,11,'2021-03'),
(-52265.23,46,52,11,'2021-04'),
(-52683.35,46,52,11,'2021-05'),
(-53104.81,46,52,11,'2021-06'),
(-53529.65,46,52,11,'2021-07'),
(-53957.89,46,52,11,'2021-08'),
(-54389.55,46,52,11,'2021-09'),
(-54824.67,46,52,11,'2021-10'),
(-55263.27,46,52,11,'2021-11'),
(-55705.37,46,52,11,'2021-12'),
(-77886.04,46,54,11,'2021-01'),
(-74117.36,46,54,11,'2021-02'),
(-79137.2,46,54,11,'2021-03'),
(-66475.25,46,54,11,'2021-04'),
(-67007.05,46,54,11,'2021-05'),
(-67543.11,46,54,11,'2021-06'),
(-68083.45,46,54,11,'2021-07'),
(-68628.12,46,54,11,'2021-08'),
(-69177.14,46,54,11,'2021-09'),
(-69730.56,46,54,11,'2021-10'),
(-70288.41,46,54,11,'2021-11'),
(-70850.71,46,54,11,'2021-12'),
(-17804,46,55,11,'2021-01'),
(-16942.52,46,55,11,'2021-02'),
(-18090,46,55,11,'2021-03'),
(-15195.6,46,55,11,'2021-04'),
(-15317.17,46,55,11,'2021-05'),
(-15439.71,46,55,11,'2021-06'),
(-15563.22,46,55,11,'2021-07'),
(-15687.73,46,55,11,'2021-08'),
(-15813.23,46,55,11,'2021-09'),
(-15939.74,46,55,11,'2021-10'),
(-16067.25,46,55,11,'2021-11'),
(-16195.79,46,55,11,'2021-12'),
(-295929.03,47,38,11,'2021-01'),
(-281609.88,47,38,11,'2021-02'),
(-300682.84,47,38,11,'2021-03'),
(-148660.96,47,38,11,'2021-04'),
(-149850.24,47,38,11,'2021-05'),
(-151049.05,47,38,11,'2021-06'),
(-152257.44,47,38,11,'2021-07'),
(-153475.5,47,38,11,'2021-08'),
(-154703.3,47,38,11,'2021-09'),
(-155940.93,47,38,11,'2021-10'),
(-157188.46,47,38,11,'2021-11'),
(-158445.96,47,38,11,'2021-12'),
(-353552.18,47,39,11,'2021-01'),
(-336444.81,47,39,11,'2021-02'),
(-359231.64,47,39,11,'2021-03'),
(-330155.01,47,39,11,'2021-04'),
(-332796.25,47,39,11,'2021-05'),
(-335458.62,47,39,11,'2021-06'),
(-338142.29,47,39,11,'2021-07'),
(-340847.42,47,39,11,'2021-08'),
(-343574.2,47,39,11,'2021-09'),
(-346322.8,47,39,11,'2021-10'),
(-349093.38,47,39,11,'2021-11'),
(-351886.13,47,39,11,'2021-12'),
(-114171.96,47,40,11,'2021-01'),
(-108647.51,47,40,11,'2021-02'),
(-116006.02,47,40,11,'2021-03'),
(-106616.35,47,40,11,'2021-04'),
(-107469.29,47,40,11,'2021-05'),
(-108329.04,47,40,11,'2021-06'),
(-109195.67,47,40,11,'2021-07'),
(-110069.24,47,40,11,'2021-08'),
(-110949.79,47,40,11,'2021-09'),
(-111837.39,47,40,11,'2021-10'),
(-112732.09,47,40,11,'2021-11'),
(-113633.95,47,40,11,'2021-12'),
(-117199.62,47,41,11,'2021-01'),
(-111528.67,47,41,11,'2021-02'),
(-119082.31,47,41,11,'2021-03'),
(-180946.83,47,41,11,'2021-04'),
(-182394.41,47,41,11,'2021-05'),
(-183853.56,47,41,11,'2021-06'),
(-185324.39,47,41,11,'2021-07'),
(-186806.99,47,41,11,'2021-08'),
(-188301.44,47,41,11,'2021-09'),
(-189807.85,47,41,11,'2021-10'),
(-191326.32,47,41,11,'2021-11'),
(-192856.93,47,41,11,'2021-12'),
(-22463.26,47,42,11,'2021-01'),
(-21376.33,47,42,11,'2021-02'),
(-22824.11,47,42,11,'2021-03'),
(-56089.87,47,42,11,'2021-04'),
(-56538.59,47,42,11,'2021-05'),
(-56990.9,47,42,11,'2021-06'),
(-57446.82,47,42,11,'2021-07'),
(-57906.4,47,42,11,'2021-08'),
(-58369.65,47,42,11,'2021-09'),
(-58836.61,47,42,11,'2021-10'),
(-59307.3,47,42,11,'2021-11'),
(-59781.76,47,42,11,'2021-12'),
(-9766.63,47,43,11,'2021-01'),
(-9294.06,47,43,11,'2021-02'),
(-9923.53,47,43,11,'2021-03'),
(-9667.52,47,43,11,'2021-04'),
(-9744.86,47,43,11,'2021-05'),
(-9822.82,47,43,11,'2021-06'),
(-9901.4,47,43,11,'2021-07'),
(-9980.62,47,43,11,'2021-08'),
(-10060.46,47,43,11,'2021-09'),
(-10140.94,47,43,11,'2021-10'),
(-10222.07,47,43,11,'2021-11'),
(-10303.85,47,43,11,'2021-12'),
(-4004.32,47,44,11,'2021-01'),
(-3810.56,47,44,11,'2021-02'),
(-4068.65,47,44,11,'2021-03'),
(-3739.32,47,44,11,'2021-04'),
(-3769.24,47,44,11,'2021-05'),
(-3799.39,47,44,11,'2021-06'),
(-3829.79,47,44,11,'2021-07'),
(-3860.43,47,44,11,'2021-08'),
(-3891.31,47,44,11,'2021-09'),
(-3922.44,47,44,11,'2021-10'),
(-3953.82,47,44,11,'2021-11'),
(-3985.45,47,44,11,'2021-12'),
(-976.66,47,45,11,'2021-01'),
(-929.41,47,45,11,'2021-02'),
(-992.35,47,45,11,'2021-03'),
(-1550.45,47,45,11,'2021-04'),
(-1562.86,47,45,11,'2021-05'),
(-1575.36,47,45,11,'2021-06'),
(-1587.96,47,45,11,'2021-07'),
(-1600.66,47,45,11,'2021-08'),
(-1613.47,47,45,11,'2021-09'),
(-1626.38,47,45,11,'2021-10'),
(-1639.39,47,45,11,'2021-11'),
(-1652.5,47,45,11,'2021-12'),
(-58599.81,47,56,11,'2021-01'),
(-55764.33,47,56,11,'2021-02'),
(-59541.16,47,56,11,'2021-03'),
(-74604.09,47,56,11,'2021-04'),
(-75200.92,47,56,11,'2021-05'),
(-75802.53,47,56,11,'2021-06'),
(-76408.95,47,56,11,'2021-07'),
(-77020.22,47,56,11,'2021-08'),
(-77636.38,47,56,11,'2021-09'),
(-78257.47,47,56,11,'2021-10'),
(-78883.53,47,56,11,'2021-11'),
(-79514.6,47,56,11,'2021-12'),
(-50344.13,48,106,11,'2021-01'),
(-47908.12,48,106,11,'2021-02'),
(-1790350.01,48,106,11,'2021-03'),
(-25781.04,48,106,11,'2021-04'),
(-25987.29,48,106,11,'2021-05'),
(-26195.19,48,106,11,'2021-06'),
(-26404.75,48,106,11,'2021-07'),
(-26615.99,48,106,11,'2021-08'),
(-26828.91,48,106,11,'2021-09'),
(-27043.55,48,106,11,'2021-10'),
(-27259.89,48,106,11,'2021-11'),
(-27477.97,48,106,11,'2021-12'),
(-7106.66,48,53,11,'2021-01'),
(-6762.79,48,53,11,'2021-02'),
(-252728.86,48,53,11,'2021-03'),
(-3639.3,48,53,11,'2021-04'),
(-3668.41,48,53,11,'2021-05'),
(-3697.76,48,53,11,'2021-06'),
(-3727.34,48,53,11,'2021-07'),
(-3757.16,48,53,11,'2021-08'),
(-3787.22,48,53,11,'2021-09'),
(-3817.51,48,53,11,'2021-10'),
(-3848.05,48,53,11,'2021-11'),
(-3878.84,48,53,11,'2021-12'),
(-39766.78,51,21,11,'2021-01'),
(-37842.58,51,21,11,'2021-02'),
(-40405.59,51,21,11,'2021-03'),
(-40728.84,51,21,11,'2021-04'),
(-41054.67,51,21,11,'2021-05'),
(-41383.1,51,21,11,'2021-06'),
(-41714.17,51,21,11,'2021-07'),
(-42047.88,51,21,11,'2021-08'),
(-42384.27,51,21,11,'2021-09'),
(-42723.34,51,21,11,'2021-10'),
(-43065.13,51,21,11,'2021-11'),
(-43409.65,51,21,11,'2021-12'),
(-733.7,51,22,11,'2021-01'),
(-698.2,51,22,11,'2021-02'),
(-745.49,51,22,11,'2021-03'),
(-751.45,51,22,11,'2021-04'),
(-757.47,51,22,11,'2021-05'),
(-763.53,51,22,11,'2021-06'),
(-769.63,51,22,11,'2021-07'),
(-775.79,51,22,11,'2021-08'),
(-782,51,22,11,'2021-09'),
(-788.25,51,22,11,'2021-10'),
(-794.56,51,22,11,'2021-11'),
(-800.92,51,22,11,'2021-12'),
(-152390.4,51,23,11,'2021-01'),
(-145016.68,51,23,11,'2021-02'),
(-154838.4,51,23,11,'2021-03'),
(-156077.11,51,23,11,'2021-04'),
(-157325.73,51,23,11,'2021-05'),
(-158584.33,51,23,11,'2021-06'),
(-159853.01,51,23,11,'2021-07'),
(-161131.83,51,23,11,'2021-08'),
(-162420.89,51,23,11,'2021-09'),
(-163720.25,51,23,11,'2021-10'),
(-165030.02,51,23,11,'2021-11'),
(-166350.26,51,23,11,'2021-12'),
(-16948.57,51,24,11,'2021-01'),
(-16128.48,51,24,11,'2021-02'),
(-17220.83,51,24,11,'2021-03'),
(-17358.6,51,24,11,'2021-04'),
(-17497.47,51,24,11,'2021-05'),
(-17637.45,51,24,11,'2021-06'),
(-17778.55,51,24,11,'2021-07'),
(-17920.78,51,24,11,'2021-08'),
(-18064.14,51,24,11,'2021-09'),
(-18208.66,51,24,11,'2021-10'),
(-18354.33,51,24,11,'2021-11'),
(-18501.16,51,24,11,'2021-12'),
(-24994.86,51,28,11,'2021-01'),
(-23785.43,51,28,11,'2021-02'),
(-25396.38,51,28,11,'2021-03'),
(-25599.55,51,28,11,'2021-04'),
(-25804.35,51,28,11,'2021-05'),
(-26010.78,51,28,11,'2021-06'),
(-26218.87,51,28,11,'2021-07'),
(-26428.62,51,28,11,'2021-08'),
(-26640.05,51,28,11,'2021-09'),
(-26853.17,51,28,11,'2021-10'),
(-27067.99,51,28,11,'2021-11'),
(-27284.54,51,28,11,'2021-12'),
(-2592.42,51,29,11,'2021-01'),
(-2466.98,51,29,11,'2021-02'),
(-2634.07,51,29,11,'2021-03'),
(-2655.14,51,29,11,'2021-04'),
(-2676.38,51,29,11,'2021-05'),
(-2697.79,51,29,11,'2021-06'),
(-2719.37,51,29,11,'2021-07'),
(-2741.13,51,29,11,'2021-08'),
(-2763.06,51,29,11,'2021-09'),
(-2785.16,51,29,11,'2021-10'),
(-2807.44,51,29,11,'2021-11'),
(-2829.9,51,29,11,'2021-12'),
(-7141.39,51,34,11,'2021-01'),
(-6795.84,51,34,11,'2021-02'),
(-7256.11,51,34,11,'2021-03'),
(-7314.16,51,34,11,'2021-04'),
(-7372.67,51,34,11,'2021-05'),
(-7431.65,51,34,11,'2021-06'),
(-7491.11,51,34,11,'2021-07'),
(-7551.03,51,34,11,'2021-08'),
(-7611.44,51,34,11,'2021-09'),
(-7672.33,51,34,11,'2021-10'),
(-7733.71,51,34,11,'2021-11'),
(-7795.58,51,34,11,'2021-12'),
(-12229.34,48,46,11,'2021-01'),
(-11637.6,48,46,11,'2021-02'),
(-12425.79,48,46,11,'2021-03'),
(-12525.2,48,46,11,'2021-04'),
(-12625.4,48,46,11,'2021-05'),
(-12726.4,48,46,11,'2021-06'),
(-12828.21,48,46,11,'2021-07'),
(-12930.84,48,46,11,'2021-08'),
(-13034.28,48,46,11,'2021-09'),
(-13138.56,48,46,11,'2021-10'),
(-13243.67,48,46,11,'2021-11'),
(-13349.62,48,46,11,'2021-12'),
(-1731.09,48,47,11,'2021-01'),
(-1647.33,48,47,11,'2021-02'),
(-1758.9,48,47,11,'2021-03'),
(-1772.97,48,47,11,'2021-04'),
(-1787.16,48,47,11,'2021-05'),
(-1801.45,48,47,11,'2021-06'),
(-1815.87,48,47,11,'2021-07'),
(-1830.39,48,47,11,'2021-08'),
(-1845.04,48,47,11,'2021-09'),
(-1859.8,48,47,11,'2021-10'),
(-1874.67,48,47,11,'2021-11'),
(-1889.67,48,47,11,'2021-12'),
(-19080.1,55,102,11,'2021-01'),
(-19080.1,55,102,11,'2021-02'),
(-19080.1,55,102,11,'2021-03'),
(-19080.1,55,102,11,'2021-04'),
(-19080.1,55,102,11,'2021-05'),
(-19080.1,55,102,11,'2021-06'),
(-19080.1,55,102,11,'2021-07'),
(-19080.1,55,102,11,'2021-08'),
(-19080.1,55,102,11,'2021-09'),
(-19080.1,55,102,11,'2021-10'),
(-19080.1,55,102,11,'2021-11'),
(-19080.1,55,102,11,'2021-12'),
(-453.17,55,103,11,'2021-01'),
(-453.17,55,103,11,'2021-02'),
(-453.17,55,103,11,'2021-03'),
(-453.17,55,103,11,'2021-04'),
(-453.17,55,103,11,'2021-05'),
(-453.17,55,103,11,'2021-06'),
(-453.17,55,103,11,'2021-07'),
(-453.17,55,103,11,'2021-08'),
(-453.17,55,103,11,'2021-09'),
(-453.17,55,103,11,'2021-10'),
(-453.17,55,103,11,'2021-11'),
(-453.17,55,103,11,'2021-12'),
(0,55,104,11,'2021-01'),
(0,55,104,11,'2021-02'),
(0,55,104,11,'2021-03'),
(0,55,104,11,'2021-04'),
(0,55,104,11,'2021-05'),
(0,55,104,11,'2021-06'),
(0,55,104,11,'2021-07'),
(0,55,104,11,'2021-08'),
(0,55,104,11,'2021-09'),
(0,55,104,11,'2021-10'),
(0,55,104,11,'2021-11'),
(0,55,104,11,'2021-12'),
(-575174.35,57,107,11,'2021-01'),
(-575174.35,57,107,11,'2021-02'),
(-575174.35,57,107,11,'2021-03'),
(-556362.08,57,107,11,'2021-04'),
(-556362.08,57,107,11,'2021-05'),
(-556362.08,57,107,11,'2021-06'),
(-569821.88,57,107,11,'2021-07'),
(-569821.88,57,107,11,'2021-08'),
(-569821.88,57,107,11,'2021-09'),
(-583607.3,57,107,11,'2021-10'),
(-583607.3,57,107,11,'2021-11'),
(-583607.3,57,107,11,'2021-12'),
(-221972.63,57,108,11,'2021-01'),
(-221972.63,57,108,11,'2021-02'),
(-221972.63,57,108,11,'2021-03'),
(-214712.55,57,108,11,'2021-04'),
(-214712.55,57,108,11,'2021-05'),
(-214712.55,57,108,11,'2021-06'),
(-219906.99,57,108,11,'2021-07'),
(-219906.99,57,108,11,'2021-08'),
(-219906.99,57,108,11,'2021-09'),
(-225227.09,57,108,11,'2021-10'),
(-225227.09,57,108,11,'2021-11'),
(-225227.09,57,108,11,'2021-12'),
(-105634.77,57,109,11,'2021-01'),
(-105634.77,57,109,11,'2021-02'),
(-105634.77,57,109,11,'2021-03'),
(-102179.77,57,109,11,'2021-04'),
(-102179.77,57,109,11,'2021-05'),
(-102179.77,57,109,11,'2021-06'),
(-104651.75,57,109,11,'2021-07'),
(-104651.75,57,109,11,'2021-08'),
(-104651.75,57,109,11,'2021-09'),
(-107183.54,57,109,11,'2021-10'),
(-107183.54,57,109,11,'2021-11'),
(-107183.54,57,109,11,'2021-12'),
(-6670.04,57,110,11,'2021-01'),
(-6670.04,57,110,11,'2021-02'),
(-6670.04,57,110,11,'2021-03'),
(-6451.88,57,110,11,'2021-04'),
(-6451.88,57,110,11,'2021-05'),
(-6451.88,57,110,11,'2021-06'),
(-6607.97,57,110,11,'2021-07'),
(-6607.97,57,110,11,'2021-08'),
(-6607.97,57,110,11,'2021-09'),
(-6767.83,57,110,11,'2021-10'),
(-6767.83,57,110,11,'2021-11'),
(-6767.83,57,110,11,'2021-12'),
(-72594.82,57,112,11,'2021-01'),
(-72594.82,57,112,11,'2021-02'),
(-72594.82,57,112,11,'2021-03'),
(-70220.46,57,112,11,'2021-04'),
(-70220.46,57,112,11,'2021-05'),
(-70220.46,57,112,11,'2021-06'),
(-71919.27,57,112,11,'2021-07'),
(-71919.27,57,112,11,'2021-08'),
(-71919.27,57,112,11,'2021-09'),
(-73659.17,57,112,11,'2021-10'),
(-73659.17,57,112,11,'2021-11'),
(-73659.17,57,112,11,'2021-12'),
(-18924.29,57,111,11,'2021-01'),
(-18924.29,57,111,11,'2021-02'),
(-18924.29,57,111,11,'2021-03'),
(-18305.33,57,111,11,'2021-04'),
(-18305.33,57,111,11,'2021-05'),
(-18305.33,57,111,11,'2021-06'),
(-18748.18,57,111,11,'2021-07'),
(-18748.18,57,111,11,'2021-08'),
(-18748.18,57,111,11,'2021-09'),
(-19201.75,57,111,11,'2021-10'),
(-19201.75,57,111,11,'2021-11'),
(-19201.75,57,111,11,'2021-12'),
(-223678.91,57,114,11,'2021-01'),
(-223678.91,57,114,11,'2021-02'),
(-223678.91,57,114,11,'2021-03'),
(-216363.03,57,114,11,'2021-04'),
(-216363.03,57,114,11,'2021-05'),
(-216363.03,57,114,11,'2021-06'),
(-221597.4,57,114,11,'2021-07'),
(-221597.4,57,114,11,'2021-08'),
(-221597.4,57,114,11,'2021-09'),
(-226958.4,57,114,11,'2021-10'),
(-226958.4,57,114,11,'2021-11'),
(-226958.4,57,114,11,'2021-12'),
(-71509,57,115,11,'2021-01'),
(-71509,57,115,11,'2021-02'),
(-71509,57,115,11,'2021-03'),
(-69170.15,57,115,11,'2021-04'),
(-69170.15,57,115,11,'2021-05'),
(-69170.15,57,115,11,'2021-06'),
(-70843.55,57,115,11,'2021-07'),
(-70843.55,57,115,11,'2021-08'),
(-70843.55,57,115,11,'2021-09'),
(-72557.43,57,115,11,'2021-10'),
(-72557.43,57,115,11,'2021-11'),
(-72557.43,57,115,11,'2021-12'),
(-5739.33,57,116,11,'2021-01'),
(-5739.33,57,116,11,'2021-02'),
(-5739.33,57,116,11,'2021-03'),
(-5551.62,57,116,11,'2021-04'),
(-5551.62,57,116,11,'2021-05'),
(-5551.62,57,116,11,'2021-06'),
(-5685.92,57,116,11,'2021-07'),
(-5685.92,57,116,11,'2021-08'),
(-5685.92,57,116,11,'2021-09'),
(-5823.48,57,116,11,'2021-10'),
(-5823.48,57,116,11,'2021-11'),
(-5823.48,57,116,59,'2021-12'),
(-51964.24,57,117,11,'2021-01'),
(-51964.24,57,117,11,'2021-02'),
(-51964.24,57,117,11,'2021-03'),
(-50264.64,57,117,11,'2021-04'),
(-50264.64,57,117,11,'2021-05'),
(-50264.64,57,117,11,'2021-06'),
(-51480.67,57,117,11,'2021-07'),
(-51480.67,57,117,11,'2021-08'),
(-51480.67,57,117,11,'2021-09'),
(-52726.12,57,117,11,'2021-10'),
(-52726.12,57,117,11,'2021-11'),
(-52726.12,57,117,11,'2021-12'),
(-42346.98,57,118,11,'2021-01'),
(-42346.98,57,118,11,'2021-02'),
(-42346.98,57,118,11,'2021-03'),
(-40961.93,57,118,11,'2021-04'),
(-40961.93,57,118,11,'2021-05'),
(-40961.93,57,118,11,'2021-06'),
(-41952.91,57,118,11,'2021-07'),
(-41952.91,57,118,11,'2021-08'),
(-41952.91,57,118,11,'2021-09'),
(-42967.85,57,118,11,'2021-10'),
(-42967.85,57,118,11,'2021-11'),
(-42967.85,57,118,11,'2021-12'),
(-14891.25,57,119,11,'2021-01'),
(-14891.25,57,119,11,'2021-02'),
(-14891.25,57,119,11,'2021-03'),
(-14404.2,57,119,11,'2021-04'),
(-14404.2,57,119,11,'2021-05'),
(-14404.2,57,119,11,'2021-06'),
(-14752.67,57,119,11,'2021-07'),
(-14752.67,57,119,11,'2021-08'),
(-14752.67,57,119,11,'2021-09'),
(-15109.57,57,119,11,'2021-10'),
(-15109.57,57,119,11,'2021-11'),
(-15109.57,57,119,11,'2021-12'),
(-14891.25,57,119,11,'2021-01'),
(-14891.25,57,119,11,'2021-02'),
(-14891.25,57,119,11,'2021-03'),
(-14404.2,57,119,11,'2021-04'),
(-14404.2,57,119,11,'2021-05'),
(-14404.2,57,119,11,'2021-06'),
(-14752.67,57,119,11,'2021-07'),
(-14752.67,57,119,11,'2021-08'),
(-14752.67,57,119,11,'2021-09'),
(-15109.57,57,119,11,'2021-10'),
(-15109.57,57,119,11,'2021-11'),
(-15109.57,57,119,11,'2021-12'),
(-1706.29,57,120,11,'2021-01'),
(-1706.29,57,120,11,'2021-02'),
(-1706.29,57,120,11,'2021-03'),
(-1650.48,57,120,11,'2021-04'),
(-1650.48,57,120,11,'2021-05'),
(-1650.48,57,120,11,'2021-06'),
(-1690.41,57,120,11,'2021-07'),
(-1690.41,57,120,11,'2021-08'),
(-1690.41,57,120,11,'2021-09'),
(-1731.31,57,120,11,'2021-10'),
(-1731.31,57,120,11,'2021-11'),
(-1731.31,57,120,11,'2021-12'),
(-16752.65,57,121,11,'2021-01'),
(-16752.65,57,121,11,'2021-02'),
(-16752.65,57,121,11,'2021-03'),
(-16204.72,57,121,11,'2021-04'),
(-16204.72,57,121,11,'2021-05'),
(-16204.72,57,121,11,'2021-06'),
(-16596.75,57,121,11,'2021-07'),
(-16596.75,57,121,11,'2021-08'),
(-16596.75,57,121,11,'2021-09'),
(-16998.27,57,121,11,'2021-10'),
(-16998.27,57,121,11,'2021-11'),
(-16998.27,57,121,11,'2021-12'),
(0,57,113,11,'2021-01'),
(0,57,113,11,'2021-02'),
(0,57,113,11,'2021-03'),
(0,57,113,11,'2021-04'),
(0,57,113,11,'2021-05'),
(0,57,113,11,'2021-06'),
(0,57,113,11,'2021-07'),
(0,57,113,11,'2021-08'),
(0,57,113,11,'2021-09'),
(0,57,113,11,'2021-10'),
(0,57,113,11,'2021-11'),
(0,57,113,11,'2021-12'),
(-4653.51,57,122,11,'2021-01'),
(-4653.51,57,122,11,'2021-02'),
(-4653.51,57,122,11,'2021-03'),
(-4501.31,57,122,11,'2021-04'),
(-4501.31,57,122,11,'2021-05'),
(-4501.31,57,122,11,'2021-06'),
(-4610.21,57,122,11,'2021-07'),
(-4610.21,57,122,11,'2021-08'),
(-4610.21,57,122,11,'2021-09'),
(-4721.74,57,122,11,'2021-10'),
(-4721.74,57,122,11,'2021-11'),
(-4721.74,57,122,11,'2021-12'),
(-930.7,57,123,11,'2021-01'),
(-930.7,57,123,11,'2021-02'),
(-930.7,57,123,11,'2021-03'),
(-900.26,57,123,11,'2021-04'),
(-900.26,57,123,11,'2021-05'),
(-900.26,57,123,11,'2021-06'),
(-922.04,57,123,11,'2021-07'),
(-922.04,57,123,11,'2021-08'),
(-922.04,57,123,11,'2021-09'),
(-944.35,57,123,11,'2021-10'),
(-944.35,57,123,11,'2021-11'),
(-944.35,57,123,11,'2021-12'),
(-1551.17,57,124,11,'2021-01'),
(-1551.17,57,124,11,'2021-02'),
(-1551.17,57,124,11,'2021-03'),
(-1500.44,57,124,11,'2021-04'),
(-1500.44,57,124,11,'2021-05'),
(-1500.44,57,124,11,'2021-06'),
(-1536.74,57,124,11,'2021-07'),
(-1536.74,57,124,11,'2021-08'),
(-1536.74,57,124,11,'2021-09'),
(-1573.91,57,124,11,'2021-10'),
(-1573.91,57,124,11,'2021-11'),
(-1573.91,57,124,11,'2021-12'),
(-18698.77,58,225,11,'2021-01'),
(-18698.77,58,225,11,'2021-02'),
(-18698.77,58,225,11,'2021-03'),
(-19151.14,58,225,11,'2021-04'),
(-6370.42,58,225,11,'2021-05'),
(-6370.42,58,225,11,'2021-06'),
(-370495.19,58,225,11,'2021-07'),
(-370495.19,58,225,11,'2021-08'),
(-370495.19,58,225,11,'2021-09'),
(-20088.97,58,225,11,'2021-10'),
(-20088.97,58,225,11,'2021-11'),
(-20088.97,58,225,11,'2021-12'),
(-4287.52,58,226,11,'2021-01'),
(-4287.52,58,226,11,'2021-02'),
(-4287.52,58,226,11,'2021-03'),
(-4391.24,58,226,11,'2021-04'),
(-1460.7,58,226,11,'2021-05'),
(-1460.7,58,226,11,'2021-06'),
(-84952.36,58,226,11,'2021-07'),
(-84952.36,58,226,11,'2021-08'),
(-84952.36,58,226,11,'2021-09'),
(-4606.28,58,226,11,'2021-10'),
(-4606.28,58,226,11,'2021-11'),
(-4606.28,58,226,11,'2021-12'),
(-19927.13,58,227,11,'2021-01'),
(-19927.13,58,227,11,'2021-02'),
(-19927.13,58,227,11,'2021-03'),
(-20409.22,58,227,11,'2021-04'),
(-6788.91,58,227,11,'2021-05'),
(-6788.91,58,227,11,'2021-06'),
(-394833.83,58,227,11,'2021-07'),
(-394833.83,58,227,11,'2021-08'),
(-394833.83,58,227,11,'2021-09'),
(-21408.66,58,227,11,'2021-10'),
(-21408.66,58,227,11,'2021-11'),
(-21408.66,58,227,11,'2021-12'),
(-3635.27,58,228,11,'2021-01'),
(-3635.27,58,228,11,'2021-02'),
(-3635.27,58,228,11,'2021-03'),
(-3723.21,58,228,11,'2021-04'),
(-1238.49,58,228,11,'2021-05'),
(-1238.49,58,228,11,'2021-06'),
(-72028.77,58,228,11,'2021-07'),
(-72028.77,58,228,11,'2021-08'),
(-72028.77,58,228,11,'2021-09'),
(-3905.54,58,228,11,'2021-10'),
(-3905.54,58,228,11,'2021-11'),
(-3905.54,58,228,11,'2021-12'),
(-31009.89,58,105,11,'2021-01'),
(-31009.89,58,105,11,'2021-02'),
(-31009.89,58,105,11,'2021-03'),
(-31760.1,58,105,11,'2021-04'),
(-10564.66,58,105,11,'2021-05'),
(-10564.66,58,105,11,'2021-06'),
(-614426.32,58,105,11,'2021-07'),
(-614426.32,58,105,11,'2021-08'),
(-614426.32,58,105,11,'2021-09'),
(-33315.4,58,105,11,'2021-10'),
(-33315.4,58,105,11,'2021-11'),
(-33315.4,58,105,11,'2021-12'),
(-706.11,59,63,11,'2021-01'),
(-706.11,59,63,11,'2021-02'),
(-706.11,59,63,11,'2021-03'),
(-706.11,59,63,11,'2021-04'),
(-706.11,59,63,11,'2021-05'),
(-706.11,59,63,11,'2021-06'),
(-740.68,59,63,11,'2021-07'),
(-740.68,59,63,11,'2021-08'),
(-740.68,59,63,11,'2021-09'),
(-740.68,59,63,11,'2021-10'),
(-740.68,59,63,11,'2021-11'),
(-740.68,59,63,11,'2021-12'),
(-3315.45,59,64,11,'2021-01'),
(-3315.45,59,64,11,'2021-02'),
(-3315.45,59,64,11,'2021-03'),
(-3315.45,59,64,11,'2021-04'),
(-3315.45,59,64,11,'2021-05'),
(-3315.45,59,64,11,'2021-06'),
(-3477.81,59,64,11,'2021-07'),
(-3477.81,59,64,11,'2021-08'),
(-3477.81,59,64,11,'2021-09'),
(-3477.81,59,64,11,'2021-10'),
(-3477.81,59,64,11,'2021-11'),
(-3477.81,59,64,11,'2021-12'),
(-19972.59,60,66,11,'2021-01'),
(-19972.59,60,66,11,'2021-02'),
(-19972.59,60,66,11,'2021-03'),
(-19972.59,60,66,11,'2021-04'),
(-19972.59,60,66,11,'2021-05'),
(-19972.59,60,66,11,'2021-06'),
(-15236.56,60,66,11,'2021-07'),
(-15236.56,60,66,11,'2021-08'),
(-15236.56,60,66,11,'2021-09'),
(-15236.56,60,66,11,'2021-10'),
(-15236.56,60,66,11,'2021-11'),
(-15236.56,60,66,11,'2021-12'),
(-8280.92,60,67,11,'2021-01'),
(-8280.92,60,67,11,'2021-02'),
(-8280.92,60,67,11,'2021-03'),
(-8280.92,60,67,11,'2021-04'),
(-8280.92,60,67,11,'2021-05'),
(-8280.92,60,67,11,'2021-06'),
(-6317.29,60,67,11,'2021-07'),
(-6317.29,60,67,11,'2021-08'),
(-6317.29,60,67,11,'2021-09'),
(-6317.29,60,67,11,'2021-10'),
(-6317.29,60,67,11,'2021-11'),
(-6317.29,60,67,11,'2021-12'),
(-32606.73,60,68,11,'2021-01'),
(-32606.73,60,68,11,'2021-02'),
(-32606.73,60,68,11,'2021-03'),
(-32606.73,60,68,11,'2021-04'),
(-32606.73,60,68,11,'2021-05'),
(-32606.73,60,68,11,'2021-06'),
(-24874.81,60,68,11,'2021-07'),
(-24874.81,60,68,11,'2021-08'),
(-24874.81,60,68,11,'2021-09'),
(-24874.81,60,68,11,'2021-10'),
(-24874.81,60,68,11,'2021-11'),
(-24874.81,60,68,11,'2021-12'),
(-2336.78,60,69,11,'2021-01'),
(-2336.78,60,69,11,'2021-02'),
(-2336.78,60,69,11,'2021-03'),
(-2336.78,60,69,11,'2021-04'),
(-2336.78,60,69,11,'2021-05'),
(-2336.78,60,69,11,'2021-06'),
(-1782.67,60,69,11,'2021-07'),
(-1782.67,60,69,11,'2021-08'),
(-1782.67,60,69,11,'2021-09'),
(-1782.67,60,69,11,'2021-10'),
(-1782.67,60,69,11,'2021-11'),
(-1782.67,60,69,11,'2021-12'),
(-1571.8,61,89,11,'2021-01'),
(-1571.8,61,89,11,'2021-02'),
(-1571.8,61,89,11,'2021-03'),
(-1571.8,61,89,11,'2021-04'),
(-1571.8,61,89,11,'2021-05'),
(-1571.8,61,89,11,'2021-06'),
(-1571.8,61,89,11,'2021-07'),
(-1571.8,61,89,11,'2021-08'),
(-1571.8,61,89,11,'2021-09'),
(-1571.8,61,89,11,'2021-10'),
(-1571.8,61,89,11,'2021-11'),
(-1571.8,61,89,11,'2021-12'),
(-1453.66,61,125,11,'2021-01'),
(-1453.66,61,125,11,'2021-02'),
(-1453.66,61,125,11,'2021-03'),
(-1453.66,61,125,11,'2021-04'),
(-1453.66,61,125,11,'2021-05'),
(-1453.66,61,125,11,'2021-06'),
(-1453.66,61,125,11,'2021-07'),
(-1453.66,61,125,11,'2021-08'),
(-1453.66,61,125,11,'2021-09'),
(-1453.66,61,125,11,'2021-10'),
(-1453.66,61,125,11,'2021-11'),
(-1453.66,61,125,11,'2021-12'),
(-2312.12,61,90,11,'2021-01'),
(-2312.12,61,90,11,'2021-02'),
(-2312.12,61,90,11,'2021-03'),
(-2312.12,61,90,11,'2021-04'),
(-2312.12,61,90,11,'2021-05'),
(-2312.12,61,90,11,'2021-06'),
(-2312.12,61,90,11,'2021-07'),
(-2312.12,61,90,11,'2021-08'),
(-2312.12,61,90,11,'2021-09'),
(-2312.12,61,90,11,'2021-10'),
(-2312.12,61,90,11,'2021-11'),
(-2312.12,61,90,11,'2021-12'),
(-6013.56,62,83,11,'2021-01'),
(-6013.56,62,83,11,'2021-02'),
(-6013.56,62,83,11,'2021-03'),
(-6013.56,62,83,11,'2021-04'),
(-6013.56,62,83,11,'2021-05'),
(-6013.56,62,83,11,'2021-06'),
(-6013.56,62,83,11,'2021-07'),
(-6013.56,62,83,11,'2021-08'),
(-6013.56,62,83,11,'2021-09'),
(-6013.56,62,83,11,'2021-10'),
(-6013.56,62,83,11,'2021-11'),
(-6013.56,62,83,11,'2021-12'),
(-2094.08,62,85,11,'2021-01'),
(-2094.08,62,85,11,'2021-02'),
(-2094.08,62,85,11,'2021-03'),
(-2094.08,62,85,11,'2021-04'),
(-2094.08,62,85,11,'2021-05'),
(-2094.08,62,85,11,'2021-06'),
(-2094.08,62,85,11,'2021-07'),
(-2094.08,62,85,11,'2021-08'),
(-2094.08,62,85,11,'2021-09'),
(-2094.08,62,85,11,'2021-10'),
(-2094.08,62,85,11,'2021-11'),
(-2094.08,62,85,11,'2021-12'),
(-2550.22,62,86,11,'2021-01'),
(-2550.22,62,86,11,'2021-02'),
(-2550.22,62,86,11,'2021-03'),
(-2550.22,62,86,11,'2021-04'),
(-2550.22,62,86,11,'2021-05'),
(-2550.22,62,86,11,'2021-06'),
(-2550.22,62,86,11,'2021-07'),
(-2550.22,62,86,11,'2021-08'),
(-2550.22,62,86,11,'2021-09'),
(-2550.22,62,86,11,'2021-10'),
(-2550.22,62,86,11,'2021-11'),
(-2550.22,62,86,11,'2021-12'),
(-6201.49,63,70,11,'2021-01'),
(-6201.49,63,70,11,'2021-02'),
(-6201.49,63,70,11,'2021-03'),
(-6201.49,63,70,11,'2021-04'),
(-6201.49,63,70,11,'2021-05'),
(-6201.49,63,70,11,'2021-06'),
(-6201.49,63,70,11,'2021-07'),
(-6201.49,63,70,11,'2021-08'),
(-6201.49,63,70,11,'2021-09'),
(-6201.49,63,70,11,'2021-10'),
(-6201.49,63,70,11,'2021-11'),
(-6201.49,63,70,11,'2021-12'),
(-12982.66,63,71,11,'2021-01'),
(-12982.66,63,71,11,'2021-02'),
(-12982.66,63,71,11,'2021-03'),
(-12982.66,63,71,11,'2021-04'),
(-12982.66,63,71,11,'2021-05'),
(-12982.66,63,71,11,'2021-06'),
(-12982.66,63,71,11,'2021-07'),
(-12982.66,63,71,11,'2021-08'),
(-12982.66,63,71,11,'2021-09'),
(-12982.66,63,71,11,'2021-10'),
(-12982.66,63,71,11,'2021-11'),
(-12982.66,63,71,11,'2021-12'),
(-12740.87,63,72,11,'2021-01'),
(-12740.87,63,72,11,'2021-02'),
(-12740.87,63,72,11,'2021-03'),
(-12740.87,63,72,11,'2021-04'),
(-12740.87,63,72,11,'2021-05'),
(-12740.87,63,72,11,'2021-06'),
(-12740.87,63,72,11,'2021-07'),
(-12740.87,63,72,11,'2021-08'),
(-12740.87,63,72,11,'2021-09'),
(-12740.87,63,72,11,'2021-10'),
(-12740.87,63,72,11,'2021-11'),
(-12740.87,63,72,11,'2021-12'),
(-15790.26,63,73,11,'2021-01'),
(-15790.26,63,73,11,'2021-02'),
(-15790.26,63,73,11,'2021-03'),
(-15790.26,63,73,11,'2021-04'),
(-15790.26,63,73,11,'2021-05'),
(-15790.26,63,73,11,'2021-06'),
(-15790.26,63,73,11,'2021-07'),
(-15790.26,63,73,11,'2021-08'),
(-15790.26,63,73,11,'2021-09'),
(-15790.26,63,73,11,'2021-10'),
(-15790.26,63,73,11,'2021-11'),
(-15790.26,63,73,11,'2021-12'),
(-5027.72,63,74,11,'2021-01'),
(-5027.72,63,74,11,'2021-02'),
(-5027.72,63,74,11,'2021-03'),
(-5027.72,63,74,11,'2021-04'),
(-5027.72,63,74,11,'2021-05'),
(-5027.72,63,74,11,'2021-06'),
(-5027.72,63,74,11,'2021-07'),
(-5027.72,63,74,11,'2021-08'),
(-5027.72,63,74,11,'2021-09'),
(-5027.72,63,74,11,'2021-10'),
(-5027.72,63,74,11,'2021-11'),
(-5027.72,63,74,11,'2021-12'),
(-2156.85,63,75,11,'2021-01'),
(-2156.85,63,75,11,'2021-02'),
(-2156.85,63,75,11,'2021-03'),
(-2156.85,63,75,11,'2021-04'),
(-2156.85,63,75,11,'2021-05'),
(-2156.85,63,75,11,'2021-06'),
(-2156.85,63,75,11,'2021-07'),
(-2156.85,63,75,11,'2021-08'),
(-2156.85,63,75,11,'2021-09'),
(-2156.85,63,75,11,'2021-10'),
(-2156.85,63,75,11,'2021-11'),
(-2156.85,63,75,11,'2021-12'),
(-1368.41,63,76,11,'2021-01'),
(-1368.41,63,76,11,'2021-02'),
(-1368.41,63,76,11,'2021-03'),
(-1368.41,63,76,11,'2021-04'),
(-1368.41,63,76,11,'2021-05'),
(-1368.41,63,76,11,'2021-06'),
(-1368.41,63,76,11,'2021-07'),
(-1368.41,63,76,11,'2021-08'),
(-1368.41,63,76,11,'2021-09'),
(-1368.41,63,76,11,'2021-10'),
(-1368.41,63,76,11,'2021-11'),
(-1368.41,63,76,11,'2021-12'),
(-479.63,63,78,11,'2021-01'),
(-479.63,63,78,11,'2021-02'),
(-479.63,63,78,11,'2021-03'),
(-479.63,63,78,11,'2021-04'),
(-479.63,63,78,11,'2021-05'),
(-479.63,63,78,11,'2021-06'),
(-479.63,63,78,11,'2021-07'),
(-479.63,63,78,11,'2021-08'),
(-479.63,63,78,11,'2021-09'),
(-479.63,63,78,11,'2021-10'),
(-479.63,63,78,11,'2021-11'),
(-479.63,63,78,11,'2021-12'),
(-3172.08,63,77,11,'2021-01'),
(-3172.08,63,77,11,'2021-02'),
(-3172.08,63,77,11,'2021-03'),
(-3172.08,63,77,11,'2021-04'),
(-3172.08,63,77,11,'2021-05'),
(-3172.08,63,77,11,'2021-06'),
(-3172.08,63,77,11,'2021-07'),
(-3172.08,63,77,11,'2021-08'),
(-3172.08,63,77,11,'2021-09'),
(-3172.08,63,77,11,'2021-10'),
(-3172.08,63,77,11,'2021-11'),
(-3172.08,63,77,11,'2021-12'),
(-2492.72,63,78,11,'2021-01'),
(-2492.72,63,78,11,'2021-02'),
(-2492.72,63,78,11,'2021-03'),
(-2492.72,63,78,11,'2021-04'),
(-2492.72,63,78,11,'2021-05'),
(-2492.72,63,78,11,'2021-06'),
(-2492.72,63,78,11,'2021-07'),
(-2492.72,63,78,11,'2021-08'),
(-2492.72,63,78,11,'2021-09'),
(-2492.72,63,78,11,'2021-10'),
(-2492.72,63,78,11,'2021-11'),
(-2492.72,63,78,11,'2021-12'),
(-2492.72,63,80,11,'2021-01'),
(-2492.72,63,80,11,'2021-02'),
(-2492.72,63,80,11,'2021-03'),
(-2492.72,63,80,11,'2021-04'),
(-2492.72,63,80,11,'2021-05'),
(-2492.72,63,80,11,'2021-06'),
(-2492.72,63,80,11,'2021-07'),
(-2492.72,63,80,11,'2021-08'),
(-2492.72,63,80,11,'2021-09'),
(-2492.72,63,80,11,'2021-10'),
(-2492.72,63,80,11,'2021-11'),
(-2492.72,63,80,11,'2021-12'),
(-15510.38,63,81,11,'2021-01'),
(-15510.38,63,81,11,'2021-02'),
(-15510.38,63,81,11,'2021-03'),
(-15510.38,63,81,11,'2021-04'),
(-15510.38,63,81,11,'2021-05'),
(-15510.38,63,81,11,'2021-06'),
(-15510.38,63,81,11,'2021-07'),
(-15510.38,63,81,11,'2021-08'),
(-15510.38,63,81,11,'2021-09'),
(-15510.38,63,81,11,'2021-10'),
(-15510.38,63,81,11,'2021-11'),
(-15510.38,63,81,11,'2021-12'),
(-396.71,63,82,11,'2021-01'),
(-396.71,63,82,11,'2021-02'),
(-396.71,63,82,11,'2021-03'),
(-396.71,63,82,11,'2021-04'),
(-396.71,63,82,11,'2021-05'),
(-396.71,63,82,11,'2021-06'),
(-396.71,63,82,11,'2021-07'),
(-396.71,63,82,11,'2021-08'),
(-396.71,63,82,11,'2021-09'),
(-396.71,63,82,11,'2021-10'),
(-396.71,63,82,11,'2021-11'),
(-396.71,63,82,11,'2021-12'),
(-393.1,63,106,11,'2021-01'),
(-393.1,63,106,11,'2021-02'),
(-393.1,63,106,11,'2021-03'),
(-393.1,63,106,11,'2021-04'),
(-393.1,63,106,11,'2021-05'),
(-393.1,63,106,11,'2021-06'),
(-393.1,63,106,11,'2021-07'),
(-393.1,63,106,11,'2021-08'),
(-393.1,63,106,11,'2021-09'),
(-393.1,63,106,11,'2021-10'),
(-393.1,63,106,11,'2021-11'),
(-393.1,63,106,59,'2021-12'),
(-11064.63,64,93,11,'2021-01'),
(-11064.63,64,93,11,'2021-02'),
(-11064.63,64,93,11,'2021-03'),
(-11064.63,64,93,11,'2021-04'),
(-11064.63,64,93,11,'2021-05'),
(-11064.63,64,93,11,'2021-06'),
(-11064.63,64,93,11,'2021-07'),
(-11064.63,64,93,11,'2021-08'),
(-11064.63,64,93,11,'2021-09'),
(-11064.63,64,93,11,'2021-10'),
(-11064.63,64,93,11,'2021-11'),
(-11064.63,64,93,11,'2021-12'),
(-52523.03,64,94,11,'2021-01'),
(-52523.03,64,94,11,'2021-02'),
(-52523.03,64,94,11,'2021-03'),
(-52523.03,64,94,11,'2021-04'),
(-52523.03,64,94,11,'2021-05'),
(-52523.03,64,94,11,'2021-06'),
(-52523.03,64,94,11,'2021-07'),
(-52523.03,64,94,11,'2021-08'),
(-52523.03,64,94,11,'2021-09'),
(-52523.03,64,94,11,'2021-10'),
(-52523.03,64,94,11,'2021-11'),
(-52523.03,64,94,11,'2021-12'),
(-10588.86,64,95,11,'2021-01'),
(-10588.86,64,95,11,'2021-02'),
(-10588.86,64,95,11,'2021-03'),
(-10588.86,64,95,11,'2021-04'),
(-10588.86,64,95,11,'2021-05'),
(-10588.86,64,95,11,'2021-06'),
(-10588.86,64,95,11,'2021-07'),
(-10588.86,64,95,11,'2021-08'),
(-10588.86,64,95,11,'2021-09'),
(-10588.86,64,95,11,'2021-10'),
(-10588.86,64,95,11,'2021-11'),
(-10588.86,64,95,11,'2021-12'),
(-13672.54,64,96,11,'2021-01'),
(-13672.54,64,96,11,'2021-02'),
(-13672.54,64,96,11,'2021-03'),
(-13672.54,64,96,11,'2021-04'),
(-13672.54,64,96,11,'2021-05'),
(-13672.54,64,96,11,'2021-06'),
(-13672.54,64,96,11,'2021-07'),
(-13672.54,64,96,11,'2021-08'),
(-13672.54,64,96,11,'2021-09'),
(-13672.54,64,96,11,'2021-10'),
(-13672.54,64,96,11,'2021-11'),
(-13672.54,64,96,11,'2021-12'),
(-367.89,64,97,11,'2021-01'),
(-367.89,64,97,11,'2021-02'),
(-367.89,64,97,11,'2021-03'),
(-367.89,64,97,11,'2021-04'),
(-367.89,64,97,11,'2021-05'),
(-367.89,64,97,11,'2021-06'),
(-367.89,64,97,11,'2021-07'),
(-367.89,64,97,11,'2021-08'),
(-367.89,64,97,11,'2021-09'),
(-367.89,64,97,11,'2021-10'),
(-367.89,64,97,11,'2021-11'),
(-367.89,64,97,11,'2021-12'),
(0,64,98,11,'2021-01'),
(0,64,98,11,'2021-02'),
(0,64,98,11,'2021-03'),
(0,64,98,11,'2021-04'),
(0,64,98,11,'2021-05'),
(0,64,98,11,'2021-06'),
(0,64,98,11,'2021-07'),
(0,64,98,11,'2021-08'),
(0,64,98,11,'2021-09'),
(0,64,98,11,'2021-10'),
(0,64,98,11,'2021-11'),
(0,64,98,11,'2021-12'),
(-10071.72,64,99,11,'2021-01'),
(-10071.72,64,99,11,'2021-02'),
(-10071.72,64,99,11,'2021-03'),
(-10071.72,64,99,11,'2021-04'),
(-10071.72,64,99,11,'2021-05'),
(-10071.72,64,99,11,'2021-06'),
(-10071.72,64,99,11,'2021-07'),
(-10071.72,64,99,11,'2021-08'),
(-10071.72,64,99,11,'2021-09'),
(-10071.72,64,99,11,'2021-10'),
(-10071.72,64,99,11,'2021-11'),
(-10071.72,64,99,11,'2021-12'),
(-6297.44,65,100,11,'2021-01'),
(-6297.44,65,100,11,'2021-02'),
(-6297.44,65,100,11,'2021-03'),
(-6297.44,65,100,11,'2021-04'),
(-6297.44,65,100,11,'2021-05'),
(-6297.44,65,100,11,'2021-06'),
(-6297.44,65,100,11,'2021-07'),
(-6297.44,65,100,11,'2021-08'),
(-6297.44,65,100,11,'2021-09'),
(-6297.44,65,100,11,'2021-10'),
(-6297.44,65,100,11,'2021-11'),
(-6297.44,65,100,11,'2021-12'),
(-2029.2,65,101,11,'2021-01'),
(-2029.2,65,101,11,'2021-02'),
(-2029.2,65,101,11,'2021-03'),
(-2029.2,65,101,11,'2021-04'),
(-2029.2,65,101,11,'2021-05'),
(-2029.2,65,101,11,'2021-06'),
(-2029.2,65,101,11,'2021-07'),
(-2029.2,65,101,11,'2021-08'),
(-2029.2,65,101,11,'2021-09'),
(-2029.2,65,101,11,'2021-10'),
(-2029.2,65,101,11,'2021-11'),
(-2029.2,65,101,11,'2021-12'),
(-6396.56,66,87,11,'2021-01'),
(-6396.56,66,87,11,'2021-02'),
(-6396.56,66,87,11,'2021-03'),
(-6396.56,66,87,11,'2021-04'),
(-6396.56,66,87,11,'2021-05'),
(-6396.56,66,87,11,'2021-06'),
(-6396.56,66,87,11,'2021-07'),
(-6396.56,66,87,11,'2021-08'),
(-6396.56,66,87,11,'2021-09'),
(-6396.56,66,87,11,'2021-10'),
(-6396.56,66,87,11,'2021-11'),
(-6396.56,66,87,11,'2021-12'),
(-8.54,66,88,11,'2021-01'),
(-8.54,66,88,11,'2021-02'),
(-8.54,66,88,11,'2021-03'),
(-8.54,66,88,11,'2021-04'),
(-8.54,66,88,11,'2021-05'),
(-8.54,66,88,11,'2021-06'),
(-8.54,66,88,11,'2021-07'),
(-8.54,66,88,11,'2021-08'),
(-8.54,66,88,11,'2021-09'),
(-8.54,66,88,11,'2021-10'),
(-8.54,66,88,11,'2021-11'),
(-8.54,66,88,11,'2021-12'),
(-12007.43,67,127,11,'2021-01'),
(-12007.43,67,127,11,'2021-02'),
(-12007.43,67,127,11,'2021-03'),
(-12007.43,67,127,11,'2021-04'),
(-12007.43,67,127,11,'2021-05'),
(-12007.43,67,127,11,'2021-06'),
(-12007.43,67,127,11,'2021-07'),
(-12007.43,67,127,11,'2021-08'),
(-12007.43,67,127,11,'2021-09'),
(-12007.43,67,127,11,'2021-10'),
(-12007.43,67,127,11,'2021-11'),
(-12007.43,67,127,11,'2021-12'),
(-2159.25,67,128,11,'2021-01'),
(-2159.25,67,128,11,'2021-02'),
(-2159.25,67,128,11,'2021-03'),
(-2159.25,67,128,11,'2021-04'),
(-2159.25,67,128,11,'2021-05'),
(-2159.25,67,128,11,'2021-06'),
(-2159.25,67,128,11,'2021-07'),
(-2159.25,67,128,11,'2021-08'),
(-2159.25,67,128,11,'2021-09'),
(-2159.25,67,128,11,'2021-10'),
(-2159.25,67,128,11,'2021-11'),
(-2159.25,67,128,11,'2021-12'),
(-2654.38,67,129,11,'2021-01'),
(-2654.38,67,129,11,'2021-02'),
(-2654.38,67,129,11,'2021-03'),
(-2654.38,67,129,11,'2021-04'),
(-2654.38,67,129,11,'2021-05'),
(-2654.38,67,129,11,'2021-06'),
(-2654.38,67,129,11,'2021-07'),
(-2654.38,67,129,11,'2021-08'),
(-2654.38,67,129,11,'2021-09'),
(-2654.38,67,129,11,'2021-10'),
(-2654.38,67,129,11,'2021-11'),
(-2654.38,67,129,11,'2021-12'),
(-715.58,67,130,11,'2021-01'),
(-715.58,67,130,11,'2021-02'),
(-715.58,67,130,11,'2021-03'),
(-715.58,67,130,11,'2021-04'),
(-715.58,67,130,11,'2021-05'),
(-715.58,67,130,11,'2021-06'),
(-715.58,67,130,11,'2021-07'),
(-715.58,67,130,11,'2021-08'),
(-715.58,67,130,11,'2021-09'),
(-715.58,67,130,11,'2021-10'),
(-715.58,67,130,11,'2021-11'),
(-715.58,67,130,11,'2021-12'),
(-14915.89,67,131,11,'2021-01'),
(-14915.89,67,131,11,'2021-02'),
(-14915.89,67,131,11,'2021-03'),
(-14915.89,67,131,11,'2021-04'),
(-14915.89,67,131,11,'2021-05'),
(-14915.89,67,131,11,'2021-06'),
(-14915.89,67,131,11,'2021-07'),
(-14915.89,67,131,11,'2021-08'),
(-14915.89,67,131,11,'2021-09'),
(-14915.89,67,131,11,'2021-10'),
(-14915.89,67,131,11,'2021-11'),
(-14915.89,67,131,11,'2021-12')










